stem,WER,BLEU4_tx,ROUGE_L_F1_tx,Jaccard_tx,BLEU4_note,ROUGE_L_F1_note,Jaccard_note,JSON_coverage
11,0.263309,0.617849,0.827062,0.787356,0.08622,0.331683,0.308696,0.615385
12,0.130619,0.760736,0.897033,0.910345,0.083721,0.303534,0.346939,0.384615
13,0.129106,0.75793,0.904423,0.905579,0.025455,0.254417,0.232082,0.384615
14,0.111288,0.783684,0.920674,0.891258,0.129838,0.381551,0.367713,0.518519
15,0.089394,0.820555,0.940078,0.917211,0.10264,0.356877,0.299213,0.461538
16,0.105513,0.789306,0.925183,0.907143,0.120407,0.347639,0.344828,0.62963
17,0.117992,0.7773,0.91357,0.914405,0.106322,0.348123,0.33209,0.461538
18,0.139026,0.738576,0.901845,0.919087,0.05745,0.300537,0.316176,0.576923
19,0.13371,0.742795,0.904809,0.905312,0.053636,0.296296,0.284974,0.423077
